{
    "user_badges":[],
    "user":{
        "id":19158,
        "username":"godsnet",
        "name":"Godsnet",
        "avatar_template":"/user_avatar/community.vercel.com/godsnet/{size}/12751_2.png",
        "email":"ipraize2004@gmail.com",
        "secondary_emails":[],
        "unconfirmed_emails":[],
        "last_posted_at":null,
        "last_seen_at":"2025-11-19T18:41:47.855Z",
        "created_at":"2025-11-19T18:40:46.403Z",
        "ignored":false,
        "muted":false,
        "can_ignore_user":false,
        "can_mute_user":false,
        "can_send_private_messages":false,
        "can_send_private_message_to_user":false,
        "trust_level":1,
        "moderator":false,
        "admin":false,
        "title":null,
        "badge_count":0,
        "custom_fields":{},
        "time_read":28,
        "recent_time_read":28,
        "primary_group_id":null,
        "primary_group_name":null,
        "flair_group_id":null,
        "flair_name":null,
        "flair_url":null,
        "flair_bg_color":null,
        "flair_color":null,
        "featured_topic":null,
        "pending_posts_count":0,
        "bio_excerpt":null,
        "bio_cooked":null,
        "can_edit":true,
        "can_edit_username":false,
        "can_edit_email":false,
        "can_edit_name":true,
        "uploaded_avatar_id":12751,
        "has_title_badges":false,
        "pending_count":0,
        "profile_view_count":0,
        "second_factor_enabled":false,
        "second_factor_backup_enabled":false,
        "associated_accounts":[
            {
                "name":"oidc",
                "description":"ipraize2004@gmail.com"
            }
        ],
        "can_upload_profile_header":false,
        "can_upload_user_card_background":false,
        "no_password":true,
        "locale":"en",
        "muted_category_ids":[],
        "regular_category_ids":[],
        "watched_tags":[],
        "watching_first_post_tags":[],
        "tracked_tags":[],
        "muted_tags":[],
        "tracked_category_ids":[],
        "watched_category_ids":[],
        "watched_first_post_category_ids":[],
        "system_avatar_upload_id":null,
        "system_avatar_template":"https://avatars.discourse-cdn.com/v4/letter/g/8e4ec6/{size}.png",
        "custom_avatar_upload_id":12751,
        "custom_avatar_template":"/user_avatar/community.vercel.com/godsnet/{size}/12751_2.png",
        "muted_usernames":[],
        "can_mute_users":true,
        "ignored_usernames":[],
        "can_ignore_users":false,
        "allowed_pm_usernames":[],
        "mailing_list_posts_per_day":100,
        "can_change_bio":true,
        "can_change_location":true,
        "can_change_website":true,
        "can_change_tracking_preferences":true,
        "user_api_keys":null,
        "user_auth_tokens":[
            {
                "id":25198,
                "client_ip":"102.90.102.99",
                "location":"Port Harcourt, Rivers State, Nigeria",
                "browser":"Google Chrome",
                "device":"Android Device",
                "os":"Android",
                "icon":"fab-android",
                "created_at":"2025-11-19T18:40:46.531Z",
                "seen_at":"2025-11-19T18:40:47.538Z"
            }
        ],
        "user_notification_schedule":{
            "enabled":false,
            "day_0_start_time":480,
            "day_0_end_time":1020,
            "day_1_start_time":480,
            "day_1_end_time":1020,
            "day_2_start_time":480,
            "day_2_end_time":1020,
            "day_3_start_time":480,
            "day_3_end_time":1020,
            "day_4_start_time":480,
            "day_4_end_time":1020,
            "day_5_start_time":480,
            "day_5_end_time":1020,
            "day_6_start_time":480,
            "day_6_end_time":1020
        },
        "use_logo_small_as_avatar":false,
        "sidebar_tags":[],
        "sidebar_category_ids":[
            9,
            27,
            41,
            42,
            59
        ],
        "display_sidebar_tags":true,
        "can_pick_theme_with_custom_homepage":false,
        "can_chat_user":false,
        "reminders_frequency":[
            {
                "name":"discourse_assign.reminders_frequency.never",
                "value":0
            },
            {
                "name":"discourse_assign.reminders_frequency.daily",
                "value":1440
            },
            {
                "name":"discourse_assign.reminders_frequency.weekly",
                "value":10080
            },
            {
                "name":"discourse_assign.reminders_frequency.monthly",
                "value":43200
            },
            {
                "name":"discourse_assign.reminders_frequency.quarterly",
                "value":129600
            }
        ],
        "gamification_score":0,
        "accepted_answers":0,
        "featured_user_badge_ids":[],
        "invited_by":null,
        "groups":[
            {
                "id":10,
                "automatic":true,
                "name":"trust_level_0",
                "display_name":"trust_level_0",
                "user_count":18834,
                "mentionable_level":0,
                "messageable_level":0,
                "visibility_level":1,
                "primary_group":false,
                "title":null,
                "grant_trust_level":null,
                "flair_url":null,
                "flair_bg_color":null,
                "flair_color":null,
                "bio_cooked":"New members with limited abilities, who are learning community norms and functionality",
                "bio_excerpt":"New members with limited abilities, who are learning community norms and functionality",
                "public_admission":false,
                "public_exit":false,
                "allow_membership_requests":false,
                "full_name":null,
                "default_notification_level":3,
                "membership_request_template":null,
                "members_visibility_level":0,
                "can_see_members":true,
                "publish_read_state":false
            },
            {
                "id":11,
                "automatic":true,
                "name":"trust_level_1",
                "display_name":"trust_level_1",
                "user_count":18828,
                "mentionable_level":0,
                "messageable_level":0,
                "visibility_level":1,
                "primary_group":false,
                "title":null,
                "grant_trust_level":null,
                "flair_url":null,
                "flair_bg_color":null,
                "flair_color":null,
                "bio_cooked":"Members with more trust, who have shown initial engagement by reading and can now access more functions. All members of this group are also members of the trust_level_0 group.",
                "bio_excerpt":"Members with more trust, who have shown initial engagement by reading and can now access more functions. All members of this group are also members of the trust_level_0 group.",
                "public_admission":false,
                "public_exit":false,
                "allow_membership_requests":false,
                "full_name":null,
                "default_notification_level":3,
                "membership_request_template":null,
                "members_visibility_level":0,
                "can_see_members":true,
                "publish_read_state":false
            }
        ],
        "group_users":[
            {
                "group_id":10,
                "user_id":19158,
                "notification_level":3,
                "owner":false
            },
            {
                "group_id":11,
                "user_id":19158,
                "notification_level":3,
                "owner":false
            }
        ],
        "user_option":{
            "user_id":19158,
            "mailing_list_mode":false,
            "mailing_list_mode_frequency":2,
            "email_digests":false,
            "email_level":1,
            "email_messages_level":1,
            "external_links_in_new_tab":true,
            "color_scheme_id":null,
            "dark_scheme_id":null,
            "dynamic_favicon":false,
            "enable_quoting":true,
            "enable_smart_lists":true,
            "enable_defer":false,
            "enable_markdown_monospace_font":false,
            "digest_after_minutes":0,
            "automatically_unpin_topics":true,
            "auto_track_topics_after_msecs":300000,
            "notification_level_when_replying":2,
            "new_topic_duration_minutes":10080,
            "email_previous_replies":2,
            "email_in_reply_to":false,
            "like_notification_frequency":1,
            "notify_on_linked_posts":true,
            "include_tl0_in_digests":false,
            "theme_ids":[
                89
            ],
            "theme_key_seq":0,
            "allow_private_messages":true,
            "enable_allowed_pm_users":false,
            "homepage_id":null,
            "hide_profile_and_presence":false,
            "hide_profile":false,
            "hide_presence":true,
            "text_size":"smaller",
            "text_size_seq":0,
            "title_count_mode":"notifications",
            "bookmark_auto_delete_preference":3,
            "timezone":"Africa/Lagos",
            "skip_new_user_tips":true,
            "default_calendar":"none_selected",
            "oldest_search_log_date":null,
            "seen_popups":null,
            "sidebar_link_to_filtered_list":false,
            "sidebar_show_count_of_new_items":false,
            "watched_precedence_over_muted":false,
            "topics_unread_when_closed":true,
            "composition_mode":1,
            "interface_color_mode":1,
            "chat_enabled":true,
            "only_chat_push_notifications":null,
            "ignore_channel_wide_mention":null,
            "show_thread_title_prompts":true,
            "chat_email_frequency":"when_away",
            "chat_header_indicator_preference":"all_new",
            "chat_separate_sidebar_mode":"default",
            "chat_send_shortcut":"enter",
            "chat_quick_reaction_type":"frequent",
            "chat_quick_reactions_custom":null,
            "notification_level_when_assigned":"watch_topic",
            "policy_email_frequency":"never"
        }
    }
}
